Particion,CV Folds,Accuracy,Recall,Precision,F1,AUC
70-30,3,0.939572221910022,0.9215686274509803,0.8365188506392768,0.8767854646180219,0.9679858913772171
70-30,5,0.9411428571428571,0.9142079885930846,0.8463568300339137,0.8787348000924148,0.9645159742602496
70-30,10,0.9394285714285715,0.9142076911566661,0.840650150531974,0.8757249816110493,0.9663640831011507
75-25,3,0.9376000000000001,0.9210476678868043,0.8299431237737624,0.873103460105816,0.9657423860099508
75-25,5,0.9408,0.9176242325010234,0.8424803678278927,0.8784101183990016,0.9702500880862572
75-25,10,0.9413333333333334,0.9176124794745484,0.8445257733679069,0.8794198696923647,0.9689336569909491
80-20,3,0.9379998261657653,0.9099255600257511,0.838204637161715,0.8724958316475441,0.9638734789288396
80-20,5,0.9403750000000001,0.9179624664879356,0.8413155365570424,0.8777879021258308,0.9676376698545462
80-20,10,0.939125,0.9168937956414236,0.838209870451195,0.8754139735110165,0.9678876168961266
